,location,total_sqft,bath,price,bhk
19,other,1100.0,2.0,48.0,2
25,other,1250.0,3.0,56.0,3
42,other,600.0,1.0,38.0,1
49,other,869.0,2.0,36.0,2
50,other,1270.0,2.0,50.0,2
59,other,840.0,2.0,45.0,2
60,other,4395.0,3.0,240.0,3
61,other,845.0,2.0,55.0,2
77,other,2511.0,3.0,205.0,3
80,other,1660.0,2.0,105.0,3
92,other,1450.0,2.0,70.0,3
98,other,1200.0,2.0,65.0,2
99,other,1200.0,3.0,90.0,3
103,other,1007.0,2.0,43.0,2
104,other,1200.0,2.0,50.0,2
105,other,966.0,2.0,49.9,2
108,other,782.0,2.0,55.68,2
110,other,1800.0,3.0,120.0,3
111,other,1413.0,2.0,75.0,3
127,other,945.0,2.0,54.0,2
130,other,1870.0,3.0,110.0,3
139,other,1260.0,2.0,85.05,3
153,other,2795.0,4.0,235.0,3
160,other,1350.0,2.0,48.0,3
162,other,1904.0,3.0,150.0,3
164,other,2000.0,3.0,175.0,3
166,other,1425.0,2.0,75.0,3
169,other,1470.0,2.0,70.0,3
170,other,1300.0,6.0,99.0,6
175,other,1500.0,3.0,100.0,3
186,other,1340.0,2.0,55.7,2
197,other,1783.0,3.0,115.0,3
201,other,912.0,2.0,70.0,3
208,other,1207.0,2.0,43.5,2
212,other,1798.0,3.0,89.0,3
214,other,1580.0,3.0,100.0,3
218,other,1415.0,3.0,78.0,3
222,other,2000.0,4.0,75.5,4
227,other,1500.0,2.0,115.0,2
231,other,1148.0,2.0,60.0,2
232,other,1110.0,2.0,55.0,2
235,other,1500.0,2.0,65.0,3
236,other,1080.0,2.0,39.0,2
239,other,1060.0,2.0,60.0,2
241,other,2600.0,8.0,180.0,8
243,other,1644.0,3.0,84.0,3
244,other,1285.0,2.0,72.5,2
248,other,4050.0,3.0,280.0,3
251,other,1060.0,2.0,55.0,2
254,other,1280.0,2.0,69.0,2
259,other,3045.0,3.0,170.0,3
268,other,700.0,1.0,26.0,2
277,other,4111.0,4.0,250.0,4
288,other,1084.0,2.0,50.0,2
297,other,950.0,2.0,47.0,2
298,other,2000.0,4.0,120.0,4
311,other,1560.0,3.0,115.0,3
319,other,1113.0,2.0,51.0,2
327,other,1200.0,2.0,55.0,2
330,other,1645.0,3.0,95.0,3
339,other,1200.0,2.0,79.0,2
340,other,1230.0,2.0,48.0,2
348,other,1800.0,3.0,150.0,3
352,other,1592.0,3.0,75.0,3
356,other,1762.0,3.0,125.0,3
357,other,950.0,2.0,50.0,2
361,other,1200.0,3.0,90.0,3
386,other,1629.0,3.0,79.0,3
394,other,1460.0,2.0,58.0,2
415,other,1760.0,3.0,88.0,3
428,other,1069.0,2.0,55.0,2
436,other,1450.0,3.0,55.0,3
437,other,1630.0,3.0,68.29,3
459,other,5000.0,9.0,360.0,11
476,other,1200.0,2.0,62.0,2
477,other,4800.0,4.0,235.0,4
478,other,1200.0,2.0,74.0,2
484,other,1464.0,3.0,56.0,3
486,other,2000.0,4.0,99.0,4
489,other,1753.0,3.0,120.0,3
495,other,1000.0,2.0,53.0,2
500,other,720.0,2.0,45.0,2
502,other,1300.0,3.0,58.0,3
506,other,1115.0,2.0,40.0,2
511,other,700.0,1.0,41.0,1
515,other,1600.0,4.0,80.0,4
520,other,1595.0,3.0,115.0,3
521,other,1353.0,2.0,110.0,2
526,other,1200.0,2.0,85.0,1
531,other,1028.0,2.0,45.5,2
542,other,1325.0,2.0,90.0,3
555,other,1800.0,1.0,80.0,2
560,other,1056.0,2.0,80.0,2
562,other,1080.0,2.0,50.0,2
569,other,1160.0,2.0,55.0,2
574,other,1544.0,3.0,120.0,3
577,other,1200.0,2.0,65.0,2
581,other,540.0,1.0,36.0,1
588,other,1180.0,2.0,42.0,2
592,other,1600.0,2.0,115.0,2
593,other,416.0,1.0,18.5,1
596,other,1260.0,2.0,45.0,2
597,other,1630.0,3.0,85.0,3
602,other,834.0,1.0,60.0,1
603,other,1125.0,4.0,70.0,3
609,other,3000.0,5.0,260.0,4
629,other,1375.0,3.0,70.0,3
633,other,469.0,1.0,25.0,1
638,other,3600.0,4.0,160.0,6
647,other,1160.0,2.0,52.2,2
657,other,1641.0,3.0,66.0,3
668,other,2072.0,3.0,108.0,3
670,other,1200.0,2.0,70.0,3
671,other,1350.0,3.0,77.0,3
673,other,1180.0,2.0,78.34,3
675,other,1355.0,2.0,115.0,2
676,other,600.0,1.0,50.0,1
679,other,1200.0,5.0,100.0,5
683,other,1875.0,3.0,165.0,3
692,other,600.0,2.0,55.0,2
693,other,2300.0,3.0,120.0,3
694,other,1240.0,2.0,60.0,2
695,other,1750.0,3.0,120.0,3
701,other,950.0,2.0,44.0,2
704,other,1092.0,2.0,98.5,3
709,other,1045.0,2.0,45.0,2
715,other,1570.0,3.0,62.0,3
724,other,1325.0,3.0,57.0,3
729,other,1202.0,2.0,48.0,2
731,other,1200.0,2.0,62.5,2
741,other,425.0,1.0,20.03,1
745,other,1100.0,2.0,48.0,2
755,other,1750.0,3.0,85.0,3
762,other,775.0,2.0,55.0,2
774,other,1105.0,2.0,58.0,2
783,other,900.0,7.0,76.0,6
805,other,1602.0,2.0,75.0,3
821,other,1780.0,3.0,84.83,3
845,other,1200.0,3.0,95.0,4
854,other,1976.0,3.0,184.0,3
866,other,900.0,3.0,80.0,5
884,other,1200.0,3.0,95.0,3
885,other,2500.0,6.0,115.0,7
894,other,1180.0,2.0,69.0,2
944,other,1282.0,2.0,87.0,2
949,other,1611.0,2.0,64.44,3
951,other,1500.0,2.0,95.0,3
962,other,1300.0,1.0,115.0,2
970,other,530.0,1.0,20.0,1
972,other,1350.0,2.0,80.0,2
991,other,2400.0,6.0,125.0,8
1011,other,1225.0,2.0,53.0,2
1015,other,1141.0,2.0,62.0,2
1021,other,1175.0,2.0,48.27,2
1028,other,950.0,1.0,40.0,1
1037,other,1209.0,2.0,50.0,2
1038,other,4200.0,5.0,225.0,5
1041,other,1800.0,3.0,90.0,3
1042,other,1600.0,4.0,125.0,5
1062,other,915.0,4.0,54.9,4
1071,other,1405.0,2.0,70.0,2
1077,other,1480.0,3.0,90.0,3
1084,other,1600.0,3.0,90.0,3
1092,other,1500.0,3.0,115.0,3
1098,other,1824.0,3.0,125.0,3
1100,other,750.0,1.0,56.25,1
1104,other,1060.0,2.0,42.0,2
1123,other,1500.0,3.0,62.0,3
1130,other,1339.0,2.0,55.0,2
1135,other,1600.0,3.0,75.0,3
1136,other,1225.0,2.0,55.11,2
1148,other,1000.0,2.0,50.0,2
1153,other,6000.0,5.0,400.0,4
1170,other,2400.0,3.0,170.0,3
1171,other,1480.0,2.0,65.0,2
1175,other,1500.0,2.0,98.0,3
1206,other,1500.0,3.0,100.0,3
1210,other,1133.0,2.0,55.0,2
1211,other,1560.0,5.0,145.0,5
1229,other,856.0,2.0,40.0,2
1234,other,14000.0,3.0,800.0,4
1240,other,1384.0,3.0,62.28,3
1247,other,1508.0,3.0,70.25,3
1260,other,2150.0,4.0,80.0,4
1274,other,1250.0,2.0,62.0,2
1278,other,1050.0,2.0,67.0,2
1291,other,1596.0,3.0,105.0,3
1297,other,1800.0,3.0,80.0,3
1301,other,925.0,2.0,48.0,2
1303,other,1395.0,2.0,63.59,2
1324,other,1200.0,3.0,85.0,3
1337,other,1132.0,2.0,67.0,2
1338,other,1262.0,2.0,63.0,2
1340,other,1515.0,3.0,88.0,3
1344,other,1655.0,3.0,86.06,3
1352,other,5000.0,7.0,299.0,7
1354,other,1380.0,2.0,80.0,2
1355,other,1450.0,3.0,65.0,3
1359,other,1200.0,2.0,54.0,2
1365,other,1178.0,2.0,47.0,2
1382,other,2200.0,3.0,187.0,3
1393,other,3600.0,4.0,300.0,4
1404,other,1595.0,3.0,76.0,3
1412,other,1093.0,2.0,65.0,2
1417,other,1367.0,2.0,62.0,2
1420,other,1535.0,3.0,95.0,3
1432,other,1015.0,2.0,45.0,2
1434,other,1100.0,2.0,62.7,2
1436,other,930.0,2.0,45.0,2
1437,other,1650.0,2.0,80.0,3
1444,other,1240.0,2.0,46.0,3
1454,other,1100.0,2.0,60.0,2
1470,other,1450.0,2.0,85.0,3
1472,other,2000.0,3.0,166.0,4
1483,other,700.0,2.0,27.0,2
1485,other,1050.0,2.0,45.0,2
1489,other,1756.0,3.0,100.0,3
1496,other,1532.0,3.0,92.0,3
1497,other,1650.0,3.0,110.0,3
1502,other,1200.0,2.0,66.0,2
1506,other,1180.0,2.0,48.0,2
1507,other,1525.0,2.0,122.0,3
1509,other,1435.0,3.0,70.0,3
1521,other,1560.0,2.0,66.0,3
1529,other,1070.0,2.0,42.0,2
1534,other,2400.0,3.0,200.0,4
1559,other,1300.0,2.0,60.0,2
1562,other,3040.0,1.0,180.0,2
1572,other,1310.0,2.0,50.0,3
1579,other,1390.0,3.0,120.0,3
1580,other,1200.0,4.0,72.0,4
1583,other,1135.0,2.0,68.0,2
1585,other,900.0,2.0,55.0,2
1591,other,1210.0,2.0,62.0,2
1596,other,1464.0,3.0,56.0,3
1606,other,1600.0,3.0,80.0,3
1636,other,1100.0,2.0,50.0,2
1638,other,1269.72,2.0,68.0,2
1641,other,1168.0,3.0,70.0,3
1646,other,2100.0,4.0,155.0,4
1647,other,1300.0,2.0,65.0,2
1652,other,1515.0,3.0,93.93,3
1657,other,1243.0,2.0,58.0,2
1670,other,1616.0,3.0,75.0,3
1675,other,2700.0,4.0,214.0,6
1692,other,595.0,1.0,42.0,1
1695,other,1410.0,2.0,67.0,2
1700,other,1254.0,2.0,53.0,2
1701,other,2800.0,7.0,125.0,7
1704,other,1170.0,2.0,86.0,2
1715,other,1000.0,2.0,50.0,2
1728,other,920.0,2.0,35.0,2
1733,other,2400.0,3.0,142.0,4
1763,other,1464.0,3.0,56.0,3
1769,other,727.0,6.0,66.0,6
1772,other,2000.0,3.0,85.0,3
1781,other,1670.0,3.0,91.86,3
1796,other,1488.0,3.0,57.0,3
1797,other,1250.0,2.0,80.0,3
1843,other,800.0,2.0,50.0,2
1851,other,1260.0,2.0,58.0,2
1862,other,1250.0,2.0,65.0,2
1864,other,1225.0,2.0,48.0,2
1868,other,1350.0,2.0,80.0,2
1871,other,2000.0,3.0,100.0,3
1874,other,1614.0,3.0,110.0,3
1888,other,1188.0,2.0,73.0,2
1905,other,1480.0,3.0,90.0,3
1911,other,680.0,2.0,42.0,2
1912,other,2400.0,2.0,95.0,2
1913,other,1045.0,2.0,42.0,2
1914,other,955.0,2.0,53.55,2
1918,other,1115.0,2.0,56.87,2
1925,other,2479.13,3.0,215.0,3
1928,other,1690.0,3.0,75.0,3
1932,other,1068.0,2.0,40.05,2
1934,other,1925.0,3.0,120.0,3
1936,other,650.0,1.0,26.0,1
1955,other,900.0,2.0,45.0,2
1960,other,1550.0,2.0,70.0,3
1963,other,916.0,2.0,42.0,2
1965,other,1358.0,3.0,50.0,3
1982,other,1685.0,2.0,110.0,3
1996,other,850.0,2.0,33.0,2
1998,other,1550.0,3.0,110.0,3
2002,other,500.0,1.0,20.0,1
2012,other,1765.0,3.0,105.0,3
2015,other,1265.0,2.0,70.0,2
2017,other,1012.0,2.0,59.0,2
2022,other,2045.0,4.0,154.0,3
2036,other,581.91,2.0,25.0,1
2038,other,1158.0,2.0,85.0,3
2053,other,925.0,2.0,51.0,2
2055,other,1415.0,2.0,110.0,2
2056,other,1210.0,2.0,60.0,2
2071,other,432.0,2.0,40.0,2
2072,other,1100.0,2.0,55.0,2
2084,other,1840.0,3.0,155.0,3
2105,other,824.0,2.0,60.0,2
2114,other,1340.0,2.0,100.0,3
2121,other,1620.0,2.0,110.0,3
2134,other,1533.0,3.0,115.0,3
2141,other,1560.0,3.0,85.0,3
2160,other,1375.0,2.0,85.0,3
2167,other,1095.0,2.0,40.0,2
2168,other,720.0,3.0,65.0,3
2169,other,1440.0,2.0,60.33,3
2172,other,1200.0,2.0,49.5,2
2175,other,975.0,2.0,43.0,2
2187,other,2800.0,4.0,200.0,5
2196,other,900.0,2.0,42.0,2
2200,other,1500.0,3.0,88.0,3
2211,other,1010.0,2.0,46.0,2
2216,other,1140.0,2.0,76.0,2
2221,other,1198.0,2.0,84.0,2
2224,other,1370.0,2.0,75.0,2
2225,other,1316.0,2.0,55.5,2
2227,other,1050.0,2.0,43.0,2
2240,other,2400.0,7.0,110.0,6
2241,other,1000.0,1.0,55.0,2
2245,other,1200.0,2.0,50.0,2
2249,other,1313.0,2.0,58.27,2
2255,other,936.0,2.0,42.0,2
2257,other,1050.0,1.0,70.0,1
2260,other,1200.0,2.0,80.0,3
2263,other,1464.0,3.0,56.0,3
2268,other,1256.0,2.0,60.0,2
2279,other,1020.0,2.0,37.0,2
2283,other,830.0,2.0,34.0,2
2305,other,1520.0,2.0,62.0,2
2328,other,600.0,4.0,40.0,4
2329,other,946.0,2.0,38.0,2
2336,other,860.0,1.0,43.0,2
2347,other,1200.0,2.0,70.0,2
2353,other,1200.0,4.0,100.0,5
2360,other,1700.0,3.0,80.0,3
2364,other,1100.0,2.0,60.0,2
2374,other,1300.0,2.0,79.0,2
2378,other,1311.0,2.0,48.0,2
2381,other,1400.0,2.0,55.0,3
2397,other,1942.0,3.0,102.0,3
2398,other,1000.0,2.0,53.0,2
2418,other,950.0,2.0,45.0,2
2419,other,1022.0,2.0,52.0,2
2425,other,990.0,2.0,44.55,2
2432,other,1533.0,3.0,85.0,3
2450,other,1475.0,3.0,70.0,3
2455,other,1135.0,2.0,55.0,2
2457,other,1440.0,5.0,110.0,5
2475,other,1452.55,2.0,110.0,2
2476,other,2357.0,3.0,151.0,3
2481,other,1170.0,2.0,105.0,2
2487,other,1200.0,4.0,85.0,5
2496,other,1411.0,3.0,91.72,3
2505,other,1200.0,3.0,44.0,2
2514,other,1350.0,2.0,67.5,2
2520,other,1100.0,3.0,78.0,3
2533,other,1175.0,2.0,48.27,2
2543,other,4000.0,4.0,170.0,4
2546,other,1945.0,3.0,120.0,3
2554,other,1465.0,2.0,74.72,3
2565,other,1360.0,2.0,59.27,3
2566,other,1150.0,2.0,75.0,3
2568,other,1200.0,3.0,74.0,3
2572,other,1229.0,3.0,86.03,3
2577,other,1030.0,2.0,61.0,2
2580,other,600.0,1.0,32.0,1
2600,other,1520.0,3.0,80.0,3
2602,other,3000.0,4.0,240.0,4
2603,other,1050.0,2.0,38.0,2
2616,other,1315.0,2.0,90.0,2
2618,other,1210.0,2.0,72.0,2
2620,other,11338.0,9.0,1000.0,6
2623,other,30000.0,4.0,2100.0,4
2628,other,1445.0,3.0,64.0,3
2641,other,1170.0,2.0,68.0,2
2661,other,1600.0,2.0,110.0,2
2664,other,955.0,1.0,34.01,2
2670,other,1370.0,2.0,75.0,3
2676,other,1187.0,2.0,45.0,2
2678,other,600.0,2.0,30.0,3
2709,other,1700.0,3.0,97.0,3
2720,other,1900.0,3.0,160.0,3
2721,other,1360.0,3.0,55.0,3
2722,other,1100.0,2.0,75.0,2
2731,other,1929.0,3.0,115.0,3
2734,other,3161.0,4.0,214.0,4
2741,other,1020.0,2.0,40.0,2
2764,other,1100.0,2.0,70.0,2
2787,other,1455.0,2.0,56.0,3
2797,other,4200.0,4.0,255.0,4
2798,other,1200.0,2.0,55.0,2
2812,other,700.0,1.0,41.0,1
2813,other,1300.0,2.0,49.0,3
2827,other,1400.0,2.0,67.0,2
2828,other,1200.0,2.0,53.0,2
2831,other,1535.0,3.0,55.0,3
2835,other,3000.0,3.0,250.0,3
2839,other,1100.0,2.0,61.0,2
2867,other,1360.0,2.0,65.0,3
2870,other,1165.0,2.0,75.0,2
2876,other,1272.0,4.0,75.0,3
2877,other,965.0,2.0,45.0,2
2878,other,1600.0,5.0,140.0,5
2883,other,1000.0,2.0,65.0,3
2889,other,1121.0,2.0,43.72,2
2908,other,1306.0,2.0,58.0,3
2909,other,2401.0,3.0,185.0,3
2927,other,1600.0,7.0,104.0,7
2928,other,1225.0,2.0,47.0,2
2929,other,1500.0,6.0,80.0,9
2940,other,890.0,1.0,75.0,1
2945,other,1110.0,2.0,51.0,2
2946,other,1300.0,2.0,54.0,2
2956,other,1690.0,3.0,100.0,3
2974,other,799.0,2.0,38.0,2
2978,other,1355.0,3.0,61.0,3
2980,other,1350.0,2.0,90.0,2
2985,other,1460.0,3.0,88.0,3
2991,other,1685.0,3.0,95.0,3
3006,other,800.0,1.0,52.0,1
3010,other,4000.0,5.0,280.0,4
3032,other,1100.0,2.0,53.0,2
3037,other,792.0,2.0,70.0,2
3038,other,2000.0,4.0,103.0,5
3042,other,1147.0,2.0,54.0,2
3050,other,2100.0,3.0,75.0,3
3051,other,1215.0,2.0,46.5,3
3067,other,461.82,1.0,31.7,1
3073,other,1500.0,2.0,85.0,3
3074,other,1065.0,2.0,50.0,2
3086,other,1260.0,2.0,75.0,2
3090,other,1199.0,2.0,50.0,2
3096,other,12000.0,12.0,525.0,10
3126,other,1950.0,3.0,130.0,3
3132,other,1326.0,2.0,62.17,2
3163,other,4051.0,4.0,345.0,4
3188,other,2100.0,3.0,170.0,3
3197,other,1991.0,3.0,160.0,3
3199,other,1234.0,2.0,61.0,2
3213,other,1200.0,3.0,66.0,3
3225,other,1069.0,2.0,55.0,2
3239,other,1375.0,2.0,105.0,2
3242,other,1693.0,3.0,108.0,3
3243,other,1160.0,2.0,41.75,2
3247,other,900.0,2.0,45.0,2
3253,other,1175.0,2.0,48.0,2
3255,other,1200.0,2.0,50.0,2
3261,other,600.0,2.0,23.0,2
3263,other,1364.0,2.0,70.0,2
3265,other,1150.0,2.0,77.5,3
3268,other,1110.0,2.0,41.0,2
3270,other,1156.0,2.0,49.5,2
3272,other,1058.0,2.0,60.0,2
3281,other,1672.0,3.0,150.0,3
3283,other,1500.0,2.0,65.0,3
3284,other,1400.0,2.0,65.0,2
3295,other,1468.0,3.0,130.0,2
3301,other,1166.0,2.0,53.0,2
3304,other,900.0,2.0,46.0,2
3306,other,1190.0,3.0,55.0,3
3319,other,1500.0,3.0,65.0,3
3352,other,1460.0,2.0,73.0,3
3361,other,1080.0,2.0,75.0,3
3375,other,2400.0,2.0,150.0,3
3389,other,1125.0,2.0,75.0,2
3394,other,1596.0,3.0,95.0,3
3398,other,1639.0,3.0,123.0,3
3402,other,920.0,2.0,37.0,2
3412,other,1372.0,2.0,90.0,3
3416,other,885.0,2.0,40.0,2
3426,other,1490.0,2.0,59.6,3
3427,other,1650.0,4.0,99.0,4
3429,other,925.0,2.0,63.0,2
3433,other,1200.0,3.0,95.0,4
3439,other,1200.0,2.0,79.0,2
3445,other,1584.0,3.0,145.0,4
3456,other,1570.0,3.0,115.0,3
3466,other,2400.0,6.0,130.0,6
3467,other,1680.0,3.0,85.0,3
3477,other,1464.0,2.0,56.0,2
3496,other,1200.0,2.0,50.0,2
3497,other,705.0,1.0,36.5,1
3500,other,1340.0,3.0,77.0,3
3501,other,1800.0,3.0,70.0,3
3504,other,925.0,2.0,42.0,2
3505,other,1230.0,2.0,57.0,2
3552,other,1100.0,2.0,39.5,2
3568,other,3259.0,3.0,270.0,3
3588,other,3200.0,3.0,190.0,4
3599,other,970.0,2.0,40.0,2
3608,other,596.0,1.0,42.0,1
3609,other,10000.0,16.0,550.0,16
3610,other,1200.0,4.0,110.0,4
3618,other,1405.0,2.0,70.0,3
3619,other,1800.0,3.0,65.0,3
3620,other,1750.0,3.0,149.0,3
3621,other,1360.0,2.0,65.0,3
3623,other,985.0,2.0,63.0,2
3626,other,1490.0,2.0,88.0,3
3627,other,620.0,1.0,25.0,2
3636,other,4428.0,4.0,255.0,4
3642,other,1301.0,2.0,55.0,2
3643,other,650.0,1.0,30.0,1
3645,other,1500.0,2.0,89.99,3
3656,other,910.0,1.0,42.0,1
3664,other,2000.0,3.0,85.0,3
3681,other,532.0,1.0,22.49,1
3682,other,1060.0,3.0,62.0,3
3684,other,902.0,2.0,42.0,2
3702,other,1374.0,2.0,70.0,3
3705,other,2145.0,4.0,125.0,4
3708,other,1080.0,2.0,55.0,2
3713,other,1000.0,2.0,80.0,2
3715,other,1240.0,2.0,52.6,2
3718,other,1500.0,2.0,97.0,3
3722,other,1865.0,4.0,140.0,3
3724,other,1200.0,2.0,49.0,2
3737,other,3500.0,4.0,245.0,4
3738,other,1203.0,2.0,59.86,2
3740,other,1600.0,3.0,76.0,3
3755,other,1320.0,2.0,73.0,3
3772,other,1100.0,2.0,56.1,2
3790,other,2400.0,5.0,120.0,5
3797,other,675.0,3.0,52.0,2
3804,other,1801.0,3.0,139.0,3
3809,other,1350.0,2.0,65.0,3
3818,other,2400.0,2.0,160.0,2
3828,other,1150.0,2.0,75.0,2
3831,other,1400.0,2.0,62.0,3
3835,other,1488.0,2.0,60.0,3
3841,other,4500.0,9.0,166.0,9
3847,other,1853.0,3.0,82.0,3
3848,other,861.0,2.0,35.0,2
3850,other,1256.0,2.0,62.8,2
3851,other,1390.0,2.0,80.0,3
3852,other,1550.0,2.0,90.0,3
3873,other,1080.0,2.0,39.0,2
3882,other,1500.0,4.0,110.0,4
3884,other,1531.0,3.0,72.0,3
3885,other,1839.0,3.0,165.0,3
3893,other,1200.0,2.0,55.0,2
3903,other,900.0,2.0,70.0,2
3917,other,1200.0,6.0,70.0,4
3944,other,750.0,2.0,50.0,1
3961,other,1605.0,2.0,85.0,3
3971,other,1205.0,2.0,60.0,2
3975,other,1200.0,3.0,46.14,2
3981,other,1125.0,2.0,44.0,2
3982,other,1200.0,2.0,70.0,2
3989,other,1904.0,3.0,155.0,3
3994,other,813.0,1.0,39.0,1
3995,other,3884.0,4.0,240.0,4
4003,other,1630.0,2.0,97.78,3
4007,other,2425.0,4.0,173.0,4
4012,other,1150.0,2.0,56.0,2
4014,other,1141.0,2.0,49.0,2
4020,other,936.0,2.0,43.0,2
4021,other,1280.0,2.0,75.0,2
4028,other,500.0,1.0,24.0,1
4033,other,1100.0,2.0,50.0,2
4037,other,1200.0,2.0,100.0,2
4051,other,1265.0,2.0,82.0,3
4052,other,3200.0,5.0,150.0,4
4053,other,1196.0,2.0,56.81,2
4057,other,1850.0,3.0,98.0,3
4066,other,2360.0,4.0,150.0,4
4067,other,1030.0,2.0,77.25,2
4068,other,1512.0,1.0,65.01,2
4080,other,2000.0,3.0,160.0,3
4083,other,1575.0,3.0,93.0,3
4085,other,1300.0,2.0,70.0,3
4091,other,975.0,2.0,50.0,2
4099,other,1380.0,2.0,75.0,2
4106,other,1000.0,2.0,45.0,2
4117,other,1080.0,2.0,45.0,2
4121,other,3100.0,3.0,250.0,3
4127,other,1190.0,2.0,100.0,2
4128,other,1827.0,3.0,100.0,3
4130,other,1500.0,3.0,95.0,3
4144,other,1180.0,2.0,63.0,2
4149,other,1300.0,3.0,47.0,3
4159,other,1155.0,2.0,60.0,3
4169,other,1540.0,3.0,68.0,3
4171,other,1645.0,3.0,95.0,3
4175,other,1200.0,2.0,55.0,3
4180,other,1097.0,2.0,65.0,2
4202,other,620.0,2.0,22.0,2
4230,other,1355.0,2.0,75.0,2
4236,other,2000.0,3.0,85.0,3
4246,other,1280.0,2.0,49.75,2
4258,other,4200.0,1.0,160.0,2
4267,other,4104.0,4.0,360.0,4
4278,other,1215.0,2.0,49.85,2
4284,other,1076.0,2.0,52.0,2
4291,other,2080.0,2.0,150.0,2
4295,other,1505.0,2.0,90.0,2
4297,other,1200.0,3.0,95.75,3
4298,other,1810.0,4.0,148.0,3
4302,other,1530.0,2.0,97.0,3
4317,other,1500.0,3.0,70.0,3
4318,other,2000.0,5.0,80.0,4
4331,other,2000.0,3.0,85.0,3
4334,other,1500.0,2.0,130.0,3
4335,other,1600.0,3.0,72.0,3
4352,other,1400.0,2.0,80.0,2
4387,other,745.0,2.0,50.0,2
4392,other,1460.0,3.0,70.0,3
4393,other,1355.0,2.0,95.0,2
4394,other,833.0,1.0,49.0,1
4407,other,3000.0,5.0,270.0,4
4411,other,1220.0,2.0,68.0,2
4424,other,1545.0,3.0,85.0,3
4430,other,780.0,2.0,35.0,2
4431,other,1350.0,2.0,110.0,2
4448,other,1200.0,2.0,68.0,3
4468,other,1150.0,2.0,49.0,2
4469,other,2000.0,4.0,180.0,5
4493,other,1096.0,2.0,48.0,2
4495,other,1094.0,2.0,44.0,2
4496,other,1100.0,2.0,49.0,2
4503,other,1280.0,4.0,115.0,4
4517,other,720.0,4.0,62.0,5
4525,other,1200.0,3.0,85.0,3
4527,other,1086.0,2.0,47.5,2
4533,other,1150.0,2.0,74.0,2
4535,other,1440.0,3.0,65.8,3
4536,other,1200.0,2.0,108.0,3
4537,other,1200.0,2.0,75.0,2
4555,other,1225.0,3.0,60.0,3
4560,other,1550.0,2.0,60.0,3
4562,other,1650.0,3.0,75.0,3
4563,other,1113.0,2.0,46.0,2
4571,other,1800.0,2.0,72.0,3
4575,other,1350.0,4.0,85.0,4
4593,other,2500.0,5.0,120.0,5
4610,other,1140.0,2.0,52.0,2
4611,other,1050.0,2.0,40.0,2
4631,other,1758.0,3.0,95.0,3
4643,other,909.0,2.0,40.0,3
4644,other,1200.0,3.0,85.0,2
4658,other,1800.0,3.0,140.0,3
4670,other,1000.0,2.0,48.0,2
4689,other,3900.0,4.0,333.0,4
4690,other,2400.0,4.0,200.0,3
4701,other,1645.0,3.0,87.5,3
4713,other,1252.0,2.0,55.0,2
4716,other,2600.0,3.0,140.0,3
4722,other,950.0,2.0,60.0,2
4724,other,2107.0,4.0,95.0,4
4727,other,1450.0,3.0,68.0,3
4729,other,2431.0,3.0,100.0,3
4744,other,600.0,3.0,54.0,3
4745,other,1155.0,2.0,56.0,2
4765,other,1450.0,2.0,62.63,2
4777,other,1365.0,3.0,60.0,2
4788,other,1402.0,2.0,85.0,3
4814,other,1550.0,3.0,75.0,3
4842,other,5000.0,4.0,290.0,4
4852,other,2000.0,3.0,85.0,3
4858,other,1100.0,2.0,45.0,2
4868,other,814.0,2.0,55.0,2
4873,other,1100.0,2.0,44.0,2
4875,other,830.0,2.0,37.0,2
4877,other,1590.0,3.0,120.0,3
4897,other,1100.0,2.0,48.0,2
4898,other,1230.0,2.0,53.51,3
4905,other,1450.0,2.0,89.6,3
4907,other,1367.0,2.0,62.0,2
4919,other,1340.0,2.0,77.0,2
4931,other,1745.0,3.0,77.0,3
4933,other,1665.0,3.0,105.0,3
4934,other,1220.0,2.0,48.79,2
4937,other,2300.0,4.0,200.0,4
4938,other,1210.0,2.0,76.0,2
4947,other,1100.0,2.0,46.0,2
4959,other,1286.0,3.0,67.0,3
4966,other,1140.0,2.0,45.0,2
4969,other,1065.0,2.0,58.0,2
5000,other,1082.0,2.0,42.0,3
5006,other,1636.0,3.0,97.0,3
5045,other,1120.0,2.0,40.0,2
5049,other,1200.0,3.0,72.0,3
5053,other,1500.0,2.0,65.0,3
5068,other,1100.0,2.0,47.0,2
5069,other,1000.0,1.0,75.0,2
5078,other,1388.0,3.0,69.99,3
5080,other,1176.0,2.0,44.0,2
5088,other,1170.0,2.0,86.0,2
5094,other,4830.0,5.0,390.0,4
5095,other,850.0,2.0,75.0,2
5099,other,1103.0,2.0,55.0,2
5102,other,1600.0,3.0,64.0,3
5105,other,1100.0,2.0,55.0,2
5109,other,2065.0,3.0,130.0,3
5119,other,1250.0,2.0,59.0,2
5120,other,1115.0,2.0,46.0,2
5143,other,3080.0,2.0,285.0,4
5153,other,1130.0,2.0,52.0,2
5169,other,450.0,1.0,25.0,1
5178,other,1100.0,2.0,85.0,2
5187,other,966.0,2.0,49.0,2
5190,other,4400.0,4.0,350.0,5
5197,other,900.0,4.0,75.0,4
5200,other,1550.0,2.0,79.0,3
5203,other,1540.0,2.0,70.0,3
5204,other,1200.0,7.0,100.0,8
5214,other,1070.0,2.0,38.9,2
5238,other,1150.0,2.0,60.0,3
5240,other,1508.0,3.0,75.0,3
5244,other,1110.0,2.0,58.0,2
5253,other,1950.0,3.0,90.0,3
5254,other,1080.0,2.0,62.0,2
5256,other,999.0,2.0,43.66,2
5269,other,1127.0,2.0,55.0,2
5274,other,1200.0,3.0,96.25,3
5279,other,1250.0,2.0,65.0,3
5294,other,2631.0,3.0,200.0,4
5298,other,830.0,2.0,60.0,2
5302,other,1500.0,2.0,88.0,2
5310,other,1518.0,3.0,76.0,3
5311,other,1495.0,2.0,75.0,3
5321,other,856.0,2.0,48.0,2
5322,other,1143.0,2.0,62.0,2
5338,other,600.0,1.0,43.0,1
5343,other,7500.0,4.0,425.0,4
5346,other,925.0,2.0,48.0,2
5352,other,1100.0,2.0,52.0,2
5359,other,1200.0,3.0,70.0,3
5364,other,1016.0,2.0,45.9,2
5370,other,1800.0,3.0,88.0,3
5373,other,1062.0,2.0,47.0,2
5387,other,1477.0,2.0,80.0,3
5405,other,1793.0,3.0,98.0,3
5420,other,620.0,2.0,23.0,2
5428,other,1020.0,2.0,62.0,2
5430,other,3563.0,6.0,310.0,4
5431,other,1165.0,2.0,47.0,2
5436,other,1100.0,2.0,43.5,2
5462,other,1440.0,4.0,88.0,4
5467,other,2250.0,3.0,113.0,3
5490,other,1200.0,2.0,75.0,3
5491,other,985.0,2.0,55.0,2
5496,other,1700.0,2.0,68.5,3
5499,other,2000.0,4.0,99.0,5
5500,other,1643.0,3.0,75.0,3
5523,other,1030.0,2.0,80.0,2
5524,other,1852.0,2.0,95.0,3
5531,other,1150.0,2.0,69.0,2
5538,other,2600.0,3.0,95.0,4
5541,other,1350.0,2.0,68.0,3
5546,other,1500.0,2.0,90.0,3
5547,other,900.0,2.0,55.0,2
5553,other,850.0,2.0,35.0,2
5570,other,1250.0,2.0,60.0,2
5581,other,970.0,2.0,35.0,2
5585,other,1148.0,2.0,59.0,2
5593,other,1350.0,3.0,60.0,3
5597,other,1100.0,2.0,78.0,2
5602,other,1180.0,2.0,74.0,2
5607,other,4510.0,4.0,200.0,3
5610,other,1540.0,3.0,85.0,3
5638,other,2000.0,3.0,120.0,3
5648,other,2000.0,3.0,145.0,3
5660,other,850.0,2.0,42.0,2
5670,other,2230.0,4.0,130.0,4
5671,other,2200.0,5.0,100.0,4
5676,other,1519.0,3.0,67.23,3
5706,other,3160.0,4.0,206.0,4
5730,other,922.0,2.0,70.0,2
5731,other,850.0,2.0,72.0,2
5739,other,1200.0,1.0,65.0,2
5750,other,1442.0,3.0,56.24,3
5753,other,1233.0,2.0,100.0,2
5765,other,1840.0,3.0,85.0,3
5767,other,1100.0,2.0,57.0,2
5775,other,1040.0,2.0,46.79,2
5780,other,1200.0,2.0,53.0,2
5781,other,2050.0,3.0,100.0,4
5788,other,800.0,2.0,30.0,2
5796,other,1936.0,3.0,110.0,3
5811,other,1652.5,3.0,90.0,3
5835,other,2159.0,3.0,110.0,3
5841,other,906.0,3.0,55.0,4
5856,other,1500.0,3.0,138.0,3
5857,other,700.0,2.0,43.0,2
5874,other,1365.0,3.0,99.0,3
5884,other,1800.0,3.0,105.0,6
5885,other,850.0,2.0,35.0,2
5892,other,708.0,1.0,55.0,2
5894,other,1680.0,3.0,135.0,3
5895,other,990.0,2.0,58.0,2
5899,other,1240.0,2.0,100.0,2
5900,other,1810.0,3.0,118.0,3
5905,other,1265.0,2.0,58.0,2
5907,other,1035.0,2.0,44.0,2
5912,other,2800.0,4.0,100.0,6
5914,other,1430.0,3.0,78.65,3
5919,other,600.0,2.0,30.0,2
5922,other,1200.0,2.0,45.0,1
5926,other,1090.0,2.0,45.0,2
5935,other,1260.0,4.0,65.0,4
5956,other,1000.0,2.0,36.0,2
5967,other,840.0,1.0,75.0,1
5979,other,1760.0,2.0,116.0,3
5985,other,3317.5,5.0,268.5,4
5996,other,600.0,1.0,52.0,2
6002,other,1410.0,2.0,75.0,2
6010,other,2400.0,5.0,93.0,5
6019,other,1200.0,2.0,75.6,3
6037,other,2100.0,4.0,150.0,4
6050,other,1200.0,2.0,52.5,2
6060,other,1539.0,3.0,60.0,3
6064,other,920.0,2.0,46.0,2
6071,other,1550.0,4.0,120.0,4
6088,other,905.0,2.0,50.0,2
6099,other,1455.0,2.0,55.0,3
6100,other,550.0,1.0,23.0,1
6104,other,1060.0,2.0,53.0,2
6105,other,1080.0,2.0,75.0,3
6113,other,1570.0,3.0,78.0,3
6116,other,1537.0,3.0,110.0,3
6120,other,1750.0,3.0,150.0,3
6126,other,2800.0,7.0,250.0,7
6127,other,1020.0,2.0,48.0,2
6135,other,1191.0,2.0,90.0,2
6138,other,865.0,2.0,35.11,2
6147,other,2100.0,4.0,90.0,4
6151,other,2849.0,5.0,250.0,4
6152,other,1000.0,2.0,42.0,2
6157,other,1225.0,2.0,47.0,2
6171,other,830.0,2.0,40.0,2
6175,other,1685.0,3.0,60.0,3
6178,other,827.0,2.0,45.0,2
6183,other,1050.0,2.0,50.0,2
6196,other,1060.0,2.0,49.27,2
6200,other,1261.0,2.0,61.0,2
6201,other,1100.0,2.0,46.0,2
6204,other,3400.0,4.0,190.0,4
6206,other,1180.0,2.0,56.0,2
6219,other,1205.0,2.0,70.0,2
6231,other,1200.0,5.0,99.0,5
6236,other,1250.0,2.0,58.0,2
6238,other,1424.0,2.0,55.0,3
6249,other,1250.0,3.0,55.0,3
6250,other,2200.0,4.0,160.0,3
6257,other,1230.0,2.0,55.0,2
6261,other,1540.0,3.0,76.0,3
6265,other,1900.0,3.0,155.0,3
6272,other,1200.0,1.0,95.0,2
6281,other,1100.0,2.0,61.0,2
6283,other,1050.0,4.0,80.0,5
6289,other,1942.0,3.0,155.0,3
6292,other,1200.0,4.0,80.0,3
6308,other,1400.0,2.0,60.0,2
6310,other,1330.0,2.0,64.0,2
6314,other,1515.0,3.0,90.0,3
6326,other,1464.0,3.0,56.0,3
6344,other,1206.0,2.0,53.0,2
6354,other,1200.0,4.0,95.0,4
6362,other,1250.0,2.0,58.0,2
6365,other,625.0,2.0,24.0,2
6371,other,1464.0,2.0,56.0,2
6376,other,1300.0,3.0,64.0,3
6377,other,1200.0,1.0,69.0,1
6387,other,1717.0,3.0,99.0,3
6388,other,2099.0,3.0,95.0,3
6390,other,1200.0,1.0,48.0,1
6408,other,900.0,3.0,51.0,4
6411,other,1430.0,2.0,78.65,3
6413,other,2108.0,3.0,85.0,3
6417,other,1190.0,2.0,70.0,2
6418,other,900.0,2.0,41.0,2
6419,other,2690.0,4.0,185.0,4
6440,other,1594.0,3.0,99.0,3
6441,other,1250.0,2.0,68.0,2
6444,other,1290.0,1.0,77.5,2
6445,other,1150.0,2.0,48.0,2
6450,other,1200.0,2.0,75.0,2
6452,other,1065.0,2.0,45.0,2
6458,other,1050.0,4.0,90.0,4
6463,other,750.0,2.0,36.0,2
6485,other,2070.0,3.0,135.0,3
6491,other,1600.0,2.0,75.0,3
6498,other,800.0,2.0,55.0,2
6500,other,900.0,1.0,44.0,2
6502,other,1480.0,2.0,125.0,3
6524,other,1500.0,2.0,130.0,2
6534,other,2010.0,3.0,125.0,3
6542,other,1504.0,2.0,100.0,3
6565,other,1500.0,3.0,72.0,3
6570,other,1280.0,2.0,48.0,3
6575,other,900.0,2.0,45.0,2
6589,other,1145.0,2.0,58.4,2
6590,other,1862.0,3.0,120.0,3
6595,other,2700.0,3.0,200.0,3
6599,other,1677.0,3.0,98.0,3
6600,other,2500.0,8.0,95.0,8
6606,other,1200.0,7.0,95.0,9
6609,other,1490.0,2.0,115.0,3
6619,other,1550.0,3.0,59.0,3
6624,other,1740.0,3.0,120.0,3
6627,other,1020.0,2.0,60.0,2
6642,other,1492.0,2.0,65.0,2
6647,other,1431.0,3.0,65.0,3
6650,other,3664.0,3.0,325.0,3
6654,other,690.0,2.0,42.0,2
6670,other,1520.0,3.0,111.0,3
6672,other,1391.0,2.0,64.5,3
6674,other,1200.0,4.0,86.0,4
6683,other,1250.0,2.0,90.0,2
6689,other,1464.0,3.0,56.0,3
6690,other,900.0,2.0,33.0,2
6701,other,1230.0,2.0,70.0,2
6711,other,1600.0,3.0,95.0,3
6717,other,600.0,2.0,23.0,1
6726,other,596.0,2.0,22.0,2
6727,other,3463.0,6.0,310.0,4
6732,other,1200.0,2.0,85.0,2
6746,other,1200.0,2.0,45.0,2
6756,other,2000.0,4.0,130.0,3
6764,other,850.0,6.0,78.0,6
6773,other,1000.0,2.0,44.0,2
6779,other,1175.0,2.0,79.0,2
6783,other,1200.0,2.0,43.0,2
6793,other,1112.0,2.0,68.0,2
6810,other,1107.0,2.0,40.0,2
6811,other,1158.0,2.0,75.0,2
6815,other,3200.0,4.0,200.0,4
6822,other,1200.0,2.0,90.0,2
6826,other,1266.67,2.0,69.0,2
6827,other,1800.0,3.0,90.0,3
6830,other,800.0,3.0,60.0,3
6834,other,2000.0,2.0,160.0,2
6839,other,1464.0,3.0,56.0,3
6847,other,1800.0,3.0,95.0,3
6850,other,1410.0,3.0,65.0,3
6856,other,1230.0,2.0,75.0,2
6861,other,1080.0,2.0,44.8,2
6862,other,3150.0,5.0,145.0,8
6863,other,2400.0,2.0,135.0,2
6881,other,880.0,2.0,48.0,2
6890,other,1150.0,2.0,45.0,2
6891,other,1194.0,2.0,55.0,2
6892,other,2000.0,3.0,90.0,3
6894,other,1025.0,2.0,42.5,2
6898,other,1022.0,2.0,57.0,2
6899,other,882.0,3.0,72.0,4
6906,other,1200.0,2.0,76.0,2
6907,other,1200.0,1.0,54.0,2
6915,other,950.0,2.0,38.0,2
6927,other,1605.0,3.0,100.0,3
6939,other,1542.0,3.0,98.0,3
6941,other,1012.0,2.0,42.0,2
6958,other,1333.0,2.0,77.27,2
6968,other,1050.0,2.0,70.0,2
6992,other,2000.0,3.0,105.0,3
6994,other,1075.0,2.0,55.0,2
7003,other,1200.0,5.0,80.0,7
7006,other,1069.0,2.0,55.0,2
7007,other,1200.0,3.0,99.0,3
7012,other,1007.0,2.0,43.0,2
7025,other,1000.0,2.0,60.0,2
7026,other,5720.0,3.0,350.0,3
7033,other,1012.0,2.0,59.0,2
7043,other,1280.0,2.0,49.0,3
7046,other,925.0,2.0,35.0,2
7055,other,600.0,2.0,39.0,2
7063,other,1240.0,2.0,65.0,3
7065,other,1100.0,2.0,55.0,2
7067,other,1700.0,3.0,111.0,3
7073,other,1340.0,2.0,65.0,2
7074,other,1200.0,2.0,54.0,2
7080,other,1780.0,3.0,110.0,3
7089,other,1800.0,4.0,68.0,5
7095,other,900.0,2.0,65.0,3
7096,other,946.0,2.0,45.0,2
7105,other,1540.0,3.0,85.0,3
7113,other,2456.0,3.0,220.0,3
7116,other,1610.0,2.0,64.4,3
7125,other,1439.0,3.0,57.23,3
7141,other,1435.0,2.0,60.0,3
7145,other,1717.0,3.0,120.0,3
7149,other,1409.0,2.0,62.0,3
7156,other,1250.0,2.0,50.0,2
7162,other,1225.0,2.0,65.0,2
7166,other,1750.0,3.0,75.0,3
7170,other,1504.0,2.0,102.0,3
7171,other,1116.0,2.0,49.8,2
7178,other,1800.0,4.0,145.0,4
7189,other,3000.0,4.0,240.0,4
7195,other,1150.0,2.0,60.0,2
7200,other,1625.0,3.0,92.0,3
7209,other,1180.0,2.0,50.0,2
7212,other,1272.0,2.0,51.5,2
7213,other,1490.0,2.0,92.0,3
7215,other,2400.0,5.0,140.0,4
7219,other,1044.0,2.0,60.0,2
7225,other,1595.0,3.0,70.39,3
7230,other,1640.0,3.0,84.0,3
7235,other,1200.0,2.0,54.0,2
7243,other,959.0,2.0,42.5,2
7257,other,1141.0,2.0,55.0,2
7263,other,1200.0,2.0,43.2,2
7264,other,1240.0,2.0,65.0,3
7266,other,1293.0,2.0,75.0,2
7270,other,1885.0,3.0,90.0,3
7271,other,860.0,2.0,65.5,2
7296,other,1374.0,2.0,88.0,3
7307,other,1250.0,2.0,60.0,2
7312,other,1110.0,2.0,52.0,2
7316,other,1350.0,3.0,48.6,3
7323,other,2000.0,2.0,160.0,4
7328,other,834.0,1.0,62.0,1
7335,other,600.0,1.0,52.0,1
7349,other,800.0,2.0,52.0,3
7354,other,2000.0,4.0,135.0,4
7365,other,900.0,2.0,35.0,2
7368,other,1000.0,2.0,46.0,2
7375,other,1200.0,2.0,52.0,2
7382,other,1280.0,2.0,90.0,2
7384,other,1190.0,2.0,55.0,2
7386,other,2075.0,3.0,175.0,3
7400,other,1578.0,3.0,73.9,3
7403,other,1050.0,4.0,90.0,4
7413,other,1475.0,2.0,70.0,2
7419,other,2400.0,2.0,125.0,2
7426,other,1427.0,2.0,70.0,3
7438,other,1350.0,3.0,68.0,3
7442,other,2274.24,4.0,160.0,3
7445,other,1455.0,2.0,55.0,3
7465,other,1570.0,3.0,80.0,3
7466,other,1495.0,2.0,65.0,3
7480,other,1350.0,3.0,75.0,3
7481,other,1464.0,3.0,56.0,3
7484,other,2300.0,7.0,160.0,6
7497,other,2515.0,4.0,155.0,3
7499,other,1440.0,3.0,72.0,3
7512,other,1200.0,2.0,56.0,2
7522,other,1670.0,3.0,75.0,3
7531,other,700.0,2.0,29.0,2
7545,other,1300.0,2.0,67.0,3
7554,other,1200.0,4.0,100.0,6
7556,other,1200.0,6.0,86.0,5
7566,other,1200.0,2.0,54.0,2
7571,other,1215.0,2.0,49.75,3
7575,other,1050.0,2.0,55.0,2
7586,other,1258.0,2.0,58.0,2
7596,other,3000.0,4.0,130.0,8
7619,other,3200.0,3.0,260.0,3
7626,other,1450.0,3.0,90.0,3
7647,other,1893.0,3.0,115.0,3
7665,other,2400.0,6.0,98.0,6
7678,other,1200.0,2.0,100.0,3
7698,other,1205.0,2.0,70.0,2
7699,other,1500.0,3.0,90.0,3
7704,other,1200.0,4.0,90.0,6
7715,other,1250.0,2.0,67.0,2
7724,other,375.0,1.0,26.0,1
7730,other,800.0,3.0,59.5,2
7731,other,1200.0,3.0,95.0,5
7734,other,909.0,2.0,43.0,3
7736,other,1400.0,2.0,85.0,2
7744,other,1800.0,2.0,100.0,3
7748,other,925.0,2.0,70.0,2
7753,other,750.0,2.0,42.0,4
7757,other,850.0,1.0,35.5,2
7775,other,1200.0,2.0,55.0,2
7781,other,1480.0,3.0,74.0,3
7800,other,400.0,1.0,35.0,1
7805,other,1310.0,2.0,55.0,3
7817,other,993.0,2.0,45.5,2
7820,other,2400.0,5.0,180.0,4
7824,other,6000.0,1.0,276.0,1
7826,other,825.0,2.0,40.0,1
7840,other,1320.0,2.0,60.0,3
7868,other,1050.0,2.0,50.0,2
7869,other,4800.0,5.0,420.0,4
7872,other,600.0,1.0,33.0,1
7873,other,1569.0,3.0,70.0,3
7874,other,2600.0,3.0,147.0,3
7884,other,800.0,1.0,72.0,1
7889,other,1020.0,2.0,49.0,2
7890,other,1225.0,2.0,82.0,3
7908,other,655.0,1.0,27.0,1
7912,other,1196.0,2.0,96.0,2
7915,other,927.0,2.0,50.0,2
7928,other,1175.0,2.0,48.72,2
7934,other,2800.0,4.0,200.0,4
7939,other,750.0,2.0,28.0,2
7941,other,1000.0,2.0,45.0,2
7975,other,985.0,2.0,57.0,2
7980,other,3600.0,7.0,160.0,7
7988,other,1503.0,2.0,93.0,3
7992,other,1200.0,2.0,61.0,2
8009,other,1765.0,3.0,77.27,3
8014,other,1768.0,3.0,95.0,3
8027,other,800.0,1.0,32.0,1
8030,other,3000.0,6.0,145.0,7
8051,other,600.0,1.0,35.0,1
8058,other,1010.0,2.0,55.0,2
8071,other,1000.0,4.0,90.0,5
8096,other,1800.0,3.0,85.0,3
8098,other,2008.0,3.0,170.0,3
8101,other,2095.0,3.0,142.0,3
8117,other,1190.0,2.0,48.6,2
8125,other,1600.0,2.0,88.0,3
8162,other,500.0,1.0,20.0,1
8163,other,1280.0,2.0,100.0,3
8177,other,1650.0,3.0,110.0,3
8181,other,1500.0,2.0,75.0,3
8183,other,1176.0,2.0,45.0,3
8186,other,1044.0,2.0,85.0,2
8189,other,1425.0,3.0,55.0,3
8206,other,2000.0,2.0,95.0,3
8218,other,1320.0,2.0,55.0,3
8230,other,1322.0,2.0,61.99,2
8231,other,1450.0,2.0,65.0,3
8243,other,820.0,2.0,30.0,2
8248,other,1450.0,3.0,68.0,3
8265,other,900.0,1.0,70.0,2
8266,other,1517.0,2.0,125.0,2
8288,other,400.0,2.0,35.0,4
8301,other,3602.0,4.0,280.0,4
8305,other,2159.0,3.0,120.0,3
8310,other,1200.0,3.0,72.0,3
8316,other,510.0,1.0,34.0,1
8319,other,1166.0,2.0,65.0,2
8324,other,2100.0,6.0,100.0,4
8334,other,940.0,2.0,56.0,2
8335,other,1015.0,2.0,40.1,2
8342,other,1400.0,3.0,69.0,3
8347,other,1645.0,3.0,95.0,3
8362,other,1600.0,4.0,90.0,4
8364,other,1000.0,2.0,63.0,2
8372,other,1350.0,2.0,65.0,2
8374,other,1998.0,3.0,117.0,3
8378,other,1300.0,2.0,60.0,2
8403,other,1804.0,3.0,150.0,3
8404,other,1350.0,3.0,81.0,3
8406,other,826.0,2.0,36.0,2
8416,other,935.0,2.0,35.0,2
8428,other,2200.0,3.0,115.0,4
8455,other,1200.0,4.0,110.0,4
8462,other,2400.0,4.0,170.0,6
8470,other,600.0,1.0,45.0,1
8480,other,672.0,1.0,27.0,1
8481,other,1280.0,3.0,87.0,3
8488,other,1850.0,3.0,95.0,3
8492,other,1567.0,3.0,100.0,3
8497,other,2350.0,3.0,210.0,3
8501,other,1125.0,2.0,48.0,2
8512,other,1365.0,3.0,54.0,3
8521,other,1471.0,2.0,75.0,3
8533,other,520.0,2.0,29.0,1
8542,other,1300.0,2.0,60.0,2
8562,other,1477.0,2.0,75.0,3
8563,other,1050.0,3.0,85.0,4
8565,other,2000.0,2.0,120.0,2
8566,other,1220.0,2.0,65.0,2
8574,other,850.0,2.0,32.5,2
8588,other,1256.0,2.0,65.0,2
8605,other,1428.0,2.0,70.0,3
8606,other,1130.0,2.0,74.0,2
8609,other,1407.0,2.0,83.87,2
8613,other,900.0,2.0,45.0,2
8617,other,1200.0,2.0,67.0,2
8629,other,1872.0,3.0,152.0,3
8633,other,1200.0,5.0,90.0,5
8635,other,1400.0,3.0,90.0,3
8657,other,600.0,2.0,35.0,1
8659,other,700.0,2.0,35.0,2
8662,other,1105.0,2.0,50.0,2
8666,other,1000.0,2.0,51.0,2
8668,other,1240.0,2.0,63.0,3
8671,other,1393.0,3.0,54.0,3
8674,other,1640.0,3.0,70.0,3
8675,other,1200.0,2.0,62.0,2
8687,other,1495.0,3.0,55.0,3
8689,other,1400.0,3.0,53.0,3
8693,other,1054.0,2.0,53.0,2
8696,other,1275.0,2.0,47.0,2
8699,other,1394.0,2.0,52.0,2
8702,other,1075.0,2.0,57.0,2
8707,other,1800.0,4.0,115.0,3
8710,other,1220.0,2.0,54.89,2
8716,other,1499.0,3.0,89.0,3
8717,other,1280.0,2.0,55.0,3
8722,other,1050.0,2.0,65.0,2
8726,other,905.0,2.0,50.0,2
8730,other,2736.0,4.0,130.0,4
8732,other,1056.0,2.0,55.0,2
8739,other,1770.0,3.0,90.0,3
8750,other,1152.0,2.0,57.0,2
8766,other,1350.0,2.0,65.0,3
8780,other,1464.0,2.0,135.0,3
8792,other,1200.0,2.0,75.0,2
8800,other,565.0,1.0,33.0,1
8816,other,1000.0,2.0,55.0,2
8820,other,1045.0,2.0,42.0,2
8821,other,1250.0,2.0,62.4,2
8822,other,2400.0,4.0,130.0,3
8825,other,1720.0,3.0,83.0,3
8837,other,1100.0,2.0,70.0,2
8845,other,420.0,1.0,23.5,1
8853,other,1675.0,3.0,65.0,3
8857,other,1225.0,2.0,71.05,2
8861,other,1350.0,4.0,90.0,4
8873,other,1732.5,3.0,91.855,3
8878,other,3760.0,2.0,280.0,2
8887,other,850.0,2.0,34.0,2
8894,other,1260.0,2.0,49.0,3
8898,other,1450.0,3.0,65.0,3
8917,other,1620.0,3.0,95.0,3
8919,other,560.0,1.0,21.0,1
8920,other,1156.0,2.0,46.0,2
8937,other,1140.0,2.0,56.0,2
8944,other,2250.0,3.0,180.0,3
8946,other,1485.0,3.0,78.0,3
8949,other,1209.0,2.0,100.0,2
8953,other,1500.0,3.0,95.0,3
8969,other,1000.0,2.0,60.0,2
8971,other,1488.0,2.0,65.0,3
8984,other,2250.0,3.0,199.0,3
8985,other,3700.0,4.0,314.0,4
8988,other,1190.0,2.0,42.25,2
8998,other,4800.0,6.0,420.0,4
9005,other,1050.0,2.0,43.5,2
9014,other,720.0,3.0,48.0,3
9020,other,1140.0,2.0,49.0,2
9022,other,648.0,1.0,34.0,1
9031,other,1720.0,2.0,126.0,3
9038,other,1100.0,2.0,45.0,2
9043,other,825.0,2.0,35.0,2
9054,other,1080.0,2.0,64.0,2
9058,other,1100.0,2.0,61.0,2
9066,other,800.0,1.0,29.0,2
9067,other,1225.0,2.0,47.0,2
9071,other,535.0,1.0,35.0,1
9095,other,1152.0,2.0,42.0,2
9098,other,1465.0,2.0,88.0,3
9100,other,1145.0,2.0,63.0,2
9107,other,1280.0,2.0,75.0,2
9110,other,680.0,3.0,60.0,2
9116,other,1450.0,3.0,75.0,3
9123,other,1738.0,3.0,110.0,3
9146,other,1500.0,3.0,90.0,3
9163,other,1275.0,2.0,105.0,2
9177,other,1119.0,2.0,48.5,3
9178,other,1355.0,2.0,58.25,3
9190,other,1095.0,2.0,55.85,2
9212,other,2320.0,2.0,160.0,3
9213,other,1237.0,3.0,78.0,3
9227,other,1464.0,2.0,56.0,2
9230,other,1840.0,1.0,95.0,2
9237,other,2400.0,4.0,89.0,4
9250,other,1639.0,3.0,77.89,3
9278,other,1160.0,2.0,75.0,2
9287,other,1294.0,2.0,52.0,3
9288,other,1095.0,2.0,45.0,2
9293,other,1040.0,2.0,36.84,2
9296,other,1325.0,2.0,47.0,3
9301,other,1108.0,2.0,48.0,2
9303,other,1155.0,2.0,65.0,2
9310,other,1464.0,3.0,56.0,3
9311,other,1500.0,3.0,67.49,3
9321,other,1060.0,2.0,42.5,2
9337,other,1148.0,2.0,69.0,2
9339,other,1719.0,3.0,110.0,3
9346,other,1420.0,3.0,70.0,3
9351,other,3000.0,4.0,264.0,4
9352,other,1398.0,3.0,51.0,3
9359,other,1320.0,2.0,90.0,2
9367,other,1161.0,2.0,59.0,2
9370,other,1504.0,3.0,67.0,3
9372,other,1230.0,2.0,68.0,2
9375,other,1260.0,2.0,62.0,2
9394,other,799.0,2.0,35.0,2
9399,other,2700.0,4.0,170.0,5
9431,other,1560.0,2.0,125.0,3
9440,other,1012.0,2.0,59.0,2
9468,other,1485.0,2.0,110.0,3
9478,other,2400.0,4.0,88.0,4
9487,other,1115.0,2.0,50.0,2
9489,other,1489.0,2.0,101.0,2
9502,other,1464.0,3.0,56.0,3
9506,other,1600.0,2.0,90.0,3
9508,other,1508.0,3.0,75.0,3
9518,other,1903.0,3.0,165.0,3
9521,other,2996.0,4.0,200.0,4
9522,other,3400.0,4.0,200.0,4
9528,other,1602.0,2.0,75.0,3
9534,other,551.0,1.0,30.0,1
9540,other,1300.0,4.0,52.0,7
9550,other,1780.0,3.0,100.0,3
9551,other,950.0,5.0,55.0,5
9556,other,1050.0,2.0,49.5,2
9564,other,1310.0,3.0,90.0,3
9586,other,1200.0,2.0,54.0,2
9592,other,1603.0,2.0,125.0,3
9597,other,450.0,1.0,30.0,1
9610,other,1200.0,3.0,52.0,2
9616,other,612.0,3.0,47.0,4
9617,other,1275.0,2.0,69.0,2
9625,other,1300.0,2.0,51.0,3
9639,other,1275.0,3.0,55.0,3
9647,other,900.0,1.0,52.3,1
9651,other,1075.0,2.0,48.38,2
9653,other,780.0,2.0,31.0,2
9660,other,1088.0,2.0,43.5,2
9682,other,1200.0,2.0,110.0,2
9683,other,1400.0,2.0,78.0,3
9702,other,2648.0,3.0,238.0,3
9708,other,1475.0,3.0,80.0,3
9715,other,1721.0,3.0,93.0,3
9720,other,1480.0,3.0,75.0,3
9727,other,4800.0,4.0,420.0,4
9733,other,1163.0,2.0,68.0,2
9736,other,801.0,1.0,33.645,1
9742,other,1300.0,2.0,80.0,3
9744,other,1540.0,3.0,65.0,3
9750,other,1215.0,2.0,46.8,3
9759,other,2400.0,4.0,135.0,4
9763,other,998.0,2.0,65.0,2
9782,other,1040.0,2.0,78.0,2
9784,other,1215.0,2.0,50.0,3
9792,other,975.0,2.0,45.0,2
9795,other,1330.0,2.0,80.0,2
9798,other,4446.0,3.0,410.0,3
9802,other,1320.0,2.0,95.0,3
9804,other,8000.0,5.0,550.0,5
9809,other,1000.0,2.0,50.0,2
9815,other,1225.0,2.0,48.0,2
9824,other,4500.0,3.0,225.0,4
9835,other,2200.0,2.0,150.0,4
9838,other,1092.0,3.0,95.0,3
9844,other,1100.0,3.0,53.0,3
9854,other,1170.0,2.0,50.0,2
9855,other,1075.0,2.0,50.0,2
9858,other,935.0,2.0,45.9,2
9873,other,1130.0,2.0,75.0,2
9878,other,1334.0,2.0,62.0,2
9899,other,966.0,2.0,50.0,2
9900,other,1200.0,4.0,110.0,4
9903,other,1630.0,3.0,131.0,3
9918,other,1050.0,2.0,41.0,1
9927,other,1427.0,2.0,52.0,2
9935,other,5425.0,13.0,275.0,13
9940,other,1050.0,2.0,48.0,2
9944,other,900.0,2.0,48.0,2
9946,other,4041.0,4.0,345.0,4
9955,other,620.0,1.0,25.0,1
9956,other,1210.0,2.0,75.0,2
9971,other,1180.0,2.0,41.94,2
9976,other,1430.0,3.0,70.0,3
9978,other,1200.0,1.0,70.0,2
9981,other,1950.0,4.0,95.0,3
9982,other,1200.0,3.0,70.0,2
9989,other,1130.0,2.0,68.0,2
10000,other,1245.0,1.0,60.0,2
10007,other,1390.0,2.0,50.0,3
10012,other,800.0,2.0,55.0,2
10022,other,1244.0,2.0,95.0,2
10032,other,1200.0,2.0,75.0,2
10045,other,1100.0,2.0,57.6,2
10046,other,2159.0,3.0,120.0,3
10049,other,3100.0,6.0,165.0,5
10051,other,1200.0,1.0,48.0,1
10052,other,1340.0,2.0,71.0,2
10056,other,1675.0,3.0,62.0,3
10061,other,1190.0,2.0,59.9,2
10063,other,1250.0,2.0,55.0,2
10064,other,1450.0,2.0,90.0,2
10074,other,1275.0,2.0,49.5,2
10077,other,3600.0,4.0,225.0,4
10088,other,3200.0,8.0,130.0,9
10089,other,1900.0,2.0,92.0,3
10093,other,925.0,2.0,55.0,2
10094,other,3900.0,3.0,250.0,3
10099,other,1715.0,3.0,95.0,3
10102,other,703.0,2.0,60.0,2
10106,other,1400.0,2.0,56.0,3
10134,other,1270.0,2.0,57.15,3
10140,other,4382.0,4.0,400.0,4
10148,other,1030.0,2.0,77.25,3
10159,other,1254.0,2.0,70.0,3
10165,other,1820.0,3.0,79.5,3
10170,other,1293.0,2.0,80.0,2
10179,other,1500.0,3.0,56.0,3
10181,other,1000.0,2.0,66.0,2
10184,other,1864.0,3.0,115.0,3
10193,other,1950.0,2.0,89.5,3
10195,other,2400.0,4.0,150.0,4
10201,other,1263.0,2.0,51.5,2
10204,other,4400.0,5.0,240.0,5
10207,other,1050.0,2.0,38.0,2
10209,other,1525.0,2.0,91.48,3
10214,other,975.0,2.0,60.0,2
10217,other,2000.0,3.0,100.0,3
10220,other,1220.0,2.0,56.0,2
10221,other,1500.0,2.0,85.0,1
10226,other,5000.0,5.0,300.0,4
10235,other,1000.0,2.0,50.0,2
10246,other,1100.0,2.0,68.0,2
10269,other,2950.0,4.0,250.0,4
10275,other,1464.0,2.0,115.0,3
10281,other,1385.0,3.0,90.0,3
10284,other,1205.0,2.0,47.0,2
10286,other,1070.0,2.0,52.0,2
10296,other,1415.0,2.0,120.0,2
10298,other,1537.0,3.0,81.0,3
10299,other,1050.0,2.0,45.0,2
10308,other,1255.0,2.0,60.0,3
10327,other,702.0,4.0,65.0,4
10328,other,2400.0,2.0,185.0,3
10331,other,1170.0,2.0,45.51,2
10344,other,1025.0,2.0,65.0,2
10349,other,1020.0,2.0,70.0,2
10359,other,1155.0,2.0,69.0,2
10380,other,2030.0,2.0,182.0,3
10382,other,1555.0,2.0,67.0,3
10399,other,2180.0,4.0,115.0,4
10417,other,1610.0,3.0,85.0,3
10422,other,3150.0,3.0,135.0,4
10430,other,1255.0,2.0,56.7,2
10433,other,600.0,2.0,29.5,2
10441,other,2597.0,4.0,189.0,4
10446,other,1410.0,2.0,73.0,2
10447,other,1150.0,2.0,42.0,2
10448,other,1170.0,2.0,53.11,2
10457,other,1201.0,2.0,65.0,2
10463,other,660.0,1.0,30.0,1
10478,other,1050.0,2.0,40.0,2
10493,other,950.0,2.0,65.0,2
10502,other,980.0,3.0,80.0,3
10509,other,420.0,1.0,25.0,2
10521,other,1535.0,3.0,72.0,3
10528,other,1265.0,2.0,68.0,2
10542,other,3500.0,4.0,150.0,4
10543,other,5400.0,4.0,250.0,4
10550,other,660.0,1.0,35.0,1
10565,other,1140.0,2.0,60.0,2
10573,other,1458.0,2.0,87.0,3
10578,other,1081.0,2.0,39.0,2
10581,other,1178.0,2.0,80.0,2
10590,other,1900.0,3.0,162.0,7
10592,other,4000.0,8.0,150.0,7
10595,other,1175.0,2.0,52.86,2
10601,other,1426.0,2.0,71.0,3
10610,other,1300.0,2.0,95.0,2
10611,other,936.0,1.0,53.0,1
10612,other,1277.0,2.0,92.0,2
10613,other,1200.0,2.0,54.0,2
10627,other,1350.0,3.0,60.0,3
10641,other,2400.0,5.0,150.0,5
10653,other,1092.0,2.0,49.0,2
10654,other,827.0,2.0,34.0,2
10664,other,800.0,2.0,32.0,2
10678,other,1055.0,2.0,43.0,2
10687,other,1839.0,3.0,160.0,3
10691,other,2760.0,5.0,140.0,5
10692,other,993.0,2.0,42.0,2
10703,other,650.0,1.0,50.0,1
10705,other,2260.0,3.0,90.0,2
10706,other,720.0,1.0,32.39,1
10709,other,550.0,1.0,20.0,2
10728,other,1600.0,3.0,130.0,3
10745,other,1296.0,2.0,70.0,2
10746,other,1125.0,2.0,55.0,2
10753,other,1194.0,2.0,51.0,2
10770,other,3000.0,4.0,170.0,5
10779,other,1300.0,2.0,63.0,2
10794,other,1626.6,3.0,133.0,3
10798,other,1007.0,2.0,48.0,2
10799,other,1050.0,6.0,74.0,4
10801,other,1100.0,2.0,60.0,2
10802,other,1348.0,2.0,100.0,2
10807,other,1298.0,2.0,65.0,2
10820,other,840.0,2.0,35.0,3
10828,other,1312.0,2.0,56.5,3
10832,other,760.0,2.0,38.5,2
10836,other,1182.0,2.0,60.1,3
10837,other,1053.0,2.0,46.29,2
10842,other,1035.0,2.0,52.79,2
10860,other,1410.0,3.0,90.0,3
10863,other,1460.0,2.0,87.0,3
10864,other,1260.0,2.0,85.05,3
10871,other,3000.0,3.0,265.0,3
10879,other,1250.0,2.0,65.0,2
10883,other,1800.0,3.0,150.0,3
10902,other,967.0,2.0,47.8,2
10906,other,1798.0,3.0,73.0,3
10921,other,2000.0,3.0,85.0,3
10923,other,509.0,1.0,20.0,1
10926,other,3535.0,4.0,215.0,4
10928,other,1800.0,3.0,82.0,4
10930,other,1397.0,2.0,52.0,3
10935,other,2050.0,3.0,135.0,3
10945,other,1339.0,2.0,53.56,2
10948,other,1305.0,2.0,52.0,2
10960,other,1600.0,3.0,100.0,3
10968,other,1235.0,2.0,52.76,2
10970,other,850.0,2.0,42.5,2
10983,other,3500.0,4.0,320.0,4
10987,other,1545.0,3.0,65.0,3
10996,other,3200.0,4.0,270.0,4
11008,other,1050.0,2.0,45.0,2
11011,other,1165.0,2.0,65.0,2
11039,other,1300.0,2.0,58.0,2
11046,other,1645.0,3.0,87.0,3
11055,other,2700.0,7.0,110.0,6
11064,other,1255.0,2.0,65.0,2
11071,other,1650.0,2.0,140.0,4
11093,other,1451.0,3.0,68.0,3
11096,other,4395.0,3.0,240.0,3
11105,other,1936.0,3.0,139.0,3
11113,other,935.0,2.0,40.0,2
11114,other,1220.0,2.0,65.0,2
11121,other,1200.0,1.0,65.0,1
11122,other,1800.0,3.0,95.0,3
11123,other,2045.0,3.0,108.0,3
11131,other,1410.0,2.0,54.0,3
11134,other,1310.0,2.0,88.0,2
11136,other,1250.0,2.0,55.0,2
11147,other,4500.0,4.0,345.0,4
11154,other,1200.0,2.0,54.0,2
11158,other,1441.0,2.0,115.0,2
11165,other,418.0,1.0,17.0,1
11166,other,1200.0,3.0,80.0,3
11191,other,610.0,1.0,28.0,1
11196,other,2400.0,7.0,107.0,6
11200,other,1864.0,3.0,120.0,3
11205,other,950.0,2.0,57.0,2
11213,other,985.0,2.0,45.0,2
11216,other,1100.0,2.0,62.0,2
11218,other,1530.0,3.0,87.0,4
11231,other,2400.0,3.0,108.0,4
11250,other,1200.0,2.0,90.0,3
11258,other,3600.0,6.0,170.0,6
11263,other,1279.0,2.0,100.0,2
11264,other,1256.0,2.0,60.0,2
11267,other,1525.0,3.0,68.63,3
11281,other,1185.0,2.0,42.66,2
11290,other,3600.0,4.0,300.0,4
11298,other,1600.0,4.0,120.0,3
11300,other,1120.0,2.0,60.0,2
11310,other,5100.0,7.0,225.0,6
11325,other,1308.0,2.0,86.0,2
11340,other,1100.0,2.0,55.0,2
11344,other,1000.0,2.0,45.0,2
11349,other,1347.0,2.0,55.0,3
11353,other,1225.0,2.0,71.05,2
11361,other,1200.0,3.0,78.0,2
11369,other,1339.0,2.0,55.0,2
11370,other,1449.0,3.0,72.0,3
11375,other,1100.0,2.0,55.0,2
11382,other,1300.0,2.0,95.0,2
11386,other,1350.0,2.0,89.5,2
11401,other,2312.0,3.0,156.0,3
11403,other,1175.0,2.0,70.0,2
11404,other,1145.0,2.0,51.0,2
11420,other,1386.0,3.0,93.0,4
11439,other,1559.0,3.0,62.0,3
11441,other,6652.0,6.0,510.0,4
11451,other,1060.0,2.0,52.0,2
11461,other,1500.0,2.0,120.0,3
11480,other,3150.0,4.0,180.0,4
11486,other,1330.0,2.0,68.0,3
11489,other,927.0,2.0,37.0,2
11500,other,1200.0,3.0,68.0,3
11503,other,760.0,2.0,37.49,2
11525,other,1293.0,2.0,80.0,2
11527,other,1280.0,2.0,68.48,2
11532,other,1065.0,3.0,72.0,3
11537,other,3200.0,4.0,140.0,3
11538,other,1250.0,2.0,77.13,3
11541,other,1475.0,3.0,75.0,3
11550,other,1330.0,3.0,65.0,3
11568,other,1065.0,2.0,45.0,2
11577,other,7000.0,6.0,560.0,6
11579,other,1525.0,3.0,65.0,3
11581,other,1220.0,2.0,72.0,2
11585,other,1500.0,2.0,60.0,2
11592,other,1884.0,3.0,95.0,3
11593,other,1100.0,2.0,75.0,2
11606,other,1350.0,2.0,90.0,2
11607,other,4800.0,5.0,350.0,4
11608,other,1700.0,3.0,74.0,3
11612,other,1200.0,3.0,110.0,3
11617,other,705.0,1.0,65.0,1
11622,other,1495.0,2.0,63.0,3
11626,other,1250.0,2.0,75.0,2
11630,other,1230.0,2.0,50.0,2
11642,other,1275.0,2.0,59.0,2
11654,other,648.0,1.0,40.0,1
11665,other,1320.0,2.0,58.0,3
11672,other,1480.0,3.0,75.48,3
11677,other,1128.0,2.0,48.4,2
11679,other,1180.0,2.0,65.0,2
11680,other,1200.0,2.0,60.0,2
11683,other,1000.0,2.0,45.0,2
11689,other,975.0,2.0,55.0,2
11694,other,1275.0,2.0,55.0,2
11714,other,560.0,2.0,22.0,2
11725,other,1070.0,2.0,50.0,2
11729,other,1532.0,3.0,59.75,3
11730,other,1150.0,2.0,46.0,2
11740,other,1495.0,3.0,90.0,3
11743,other,1053.0,2.0,51.0,2
11750,other,1200.0,2.0,75.0,4
11760,other,1000.0,2.0,60.0,2
11768,other,2750.0,6.0,200.0,6
11779,other,1470.0,2.0,60.0,3
11781,other,1275.0,2.0,76.0,2
11790,other,793.0,1.0,40.0,1
11803,other,1555.0,3.0,73.0,3
11806,other,1630.0,2.0,130.0,3
11811,other,1563.0,3.0,63.0,3
11812,other,1344.0,4.0,84.0,4
11838,other,1200.0,2.0,82.0,2
11840,other,1419.0,3.0,85.0,3
11841,other,1195.0,2.0,42.4,2
11848,other,850.0,1.0,50.0,1
11851,other,933.0,2.0,55.0,2
11854,other,865.0,2.0,33.0,2
11857,other,1145.0,2.0,60.0,3
11874,other,1025.0,2.0,48.0,2
11887,other,1750.0,3.0,120.0,3
11895,other,1464.0,3.0,56.0,3
11897,other,750.0,2.0,40.0,2
11907,other,2150.0,3.0,170.0,3
11923,other,2200.0,2.0,190.0,3
11931,other,1368.0,2.0,87.0,2
11938,other,1507.0,3.0,80.0,3
11939,other,1160.0,2.0,57.0,2
11940,other,1200.0,3.0,70.0,3
11949,other,1175.0,2.0,83.0,2
11964,other,1200.0,4.0,99.0,5
11979,other,893.0,2.0,34.5,2
11983,other,800.0,2.0,60.0,3
11985,other,1400.0,3.0,98.0,3
11991,other,1495.0,2.0,70.0,3
12003,other,1052.0,2.0,52.0,2
12005,other,1000.0,2.0,45.0,2
12017,other,1300.0,2.0,60.0,3
12025,other,1050.0,2.0,45.0,2
12028,other,1567.0,2.0,62.0,3
12035,other,2360.0,3.0,185.0,4
12038,other,1760.0,3.0,90.0,3
12047,other,1100.0,2.0,58.5,2
12060,other,1200.0,6.0,110.0,5
12063,other,1236.0,2.0,50.0,2
12067,other,772.0,5.0,60.0,8
12076,other,800.0,1.0,45.0,2
12094,other,1095.0,2.0,39.0,2
12095,other,1050.0,2.0,65.0,2
12111,other,1200.0,3.0,56.53,3
12126,other,1625.0,3.0,92.0,3
12135,other,2100.0,3.0,145.0,5
12136,other,1269.0,2.0,97.0,2
12144,other,1025.0,2.0,39.98,2
12156,other,1353.0,2.0,110.0,3
12157,other,1200.0,2.0,68.0,2
12158,other,1250.0,2.0,70.0,3
12171,other,900.0,2.0,40.0,2
12191,other,1600.0,3.0,100.0,3
12196,other,540.0,1.0,22.0,1
12203,other,1125.0,2.0,55.0,2
12233,other,1013.0,2.0,60.0,2
12238,other,1600.0,3.0,77.0,3
12239,other,1190.0,2.0,48.0,2
12240,other,1625.0,3.0,95.0,3
12241,other,1210.0,2.0,53.0,2
12255,other,1600.0,5.0,140.0,5
12256,other,1160.0,2.0,55.0,2
12257,other,930.0,1.0,55.0,2
12273,other,1150.0,8.0,70.0,8
12274,other,1053.0,2.0,44.0,2
12275,other,1325.0,2.0,56.0,3
12276,other,1169.0,2.0,50.11,2
12292,other,2400.0,3.0,185.0,4
12300,other,1070.0,2.0,38.0,2
12301,other,1427.0,2.0,85.0,3
12307,other,2000.0,3.0,180.0,4
12309,other,1062.0,2.0,50.0,2
12310,other,700.0,1.0,25.5,1
12326,other,1450.0,3.0,65.0,3
12344,other,1150.0,2.0,90.0,2
12345,other,595.0,1.0,40.0,1
12347,other,3750.0,4.0,190.0,4
12353,other,5480.0,4.0,400.0,3
12358,other,1500.0,3.0,75.0,3
12366,other,5656.0,5.0,499.0,3
12369,other,1250.0,3.0,54.0,3
12371,other,1425.0,2.0,65.0,3
12386,other,1200.0,1.0,50.0,2
12398,other,1625.0,3.0,150.0,3
12401,other,1300.0,3.0,65.0,2
12402,other,1150.0,2.0,47.0,2
12409,other,1515.0,3.0,80.5,3
12411,other,1250.0,2.0,65.0,2
12420,other,1550.0,2.0,70.0,3
12425,other,2505.0,3.0,165.0,3
12426,other,1410.0,2.0,54.0,3
12428,other,1705.0,2.0,86.96,3
12456,other,1650.0,3.0,135.0,3
12460,other,925.0,2.0,68.0,2
12462,other,1190.0,2.0,46.41,2
12469,other,1750.0,3.0,100.0,3
12471,other,747.0,1.0,27.0,1
12473,other,1113.0,2.0,52.0,2
12474,other,1738.0,3.0,110.0,3
12495,other,1000.0,4.0,80.0,5
12503,other,1720.0,3.0,95.0,3
12507,other,1200.0,5.0,85.0,5
12511,other,850.0,2.0,45.0,2
12514,other,1020.0,2.0,52.0,2
12537,other,1005.0,2.0,40.0,2
12549,other,1290.0,2.0,71.95,2
12553,other,1650.0,3.0,140.0,3
12563,other,1220.0,2.0,52.0,2
12564,other,3150.0,4.0,150.0,4
12567,other,2000.0,5.0,75.0,5
12587,other,720.0,1.0,28.0,1
12589,other,1100.0,2.0,90.0,2
12595,other,1220.0,2.0,60.0,2
12599,other,5000.0,5.0,250.0,4
12602,other,600.0,1.0,22.8,1
12604,other,540.0,1.0,24.0,1
12608,other,620.0,2.0,23.0,2
12609,other,1650.0,3.0,78.0,3
12611,other,2072.0,3.0,108.0,3
12628,other,1154.0,2.0,57.0,2
12630,other,1057.0,2.0,42.0,2
12632,other,1200.0,4.0,85.0,4
12633,other,1500.0,7.0,130.0,7
12634,other,980.0,2.0,35.0,2
12644,other,2400.0,3.0,185.0,3
12668,other,1432.0,3.0,79.0,3
12677,other,1500.0,3.0,90.0,3
12691,other,1100.0,2.0,45.0,3
12696,other,1260.0,2.0,55.0,2
12703,other,1200.0,4.0,110.0,4
12721,other,600.0,1.0,24.0,1
12723,other,1770.0,3.0,99.0,3
12728,other,1800.0,3.0,130.0,3
12752,other,1200.0,6.0,85.0,6
12754,other,1570.0,2.0,95.0,3
12758,other,2250.0,3.0,180.0,3
12760,other,1145.0,2.0,44.0,2
12765,other,2700.0,5.0,150.0,5
12780,other,1165.0,2.0,45.0,2
12794,other,1210.0,2.0,60.0,2
12800,other,1684.0,3.0,86.0,3
12801,other,1686.0,3.0,77.0,3
12802,other,1654.0,3.0,82.0,3
12816,other,1200.0,2.0,50.0,2
12821,other,1950.0,3.0,132.0,3
12829,other,2400.0,4.0,150.0,4
12840,other,1600.0,3.0,102.0,3
12856,other,1088.0,2.0,46.0,2
12865,other,1200.0,2.0,45.0,2
12878,other,1800.0,6.0,101.0,6
12882,other,1100.0,2.0,65.0,2
12888,other,1035.0,2.0,55.0,2
12890,other,1200.0,3.0,75.0,3
12895,other,450.0,1.0,20.0,1
12921,other,1719.0,3.0,95.0,3
12945,other,1190.0,2.0,55.0,2
12952,other,1162.0,2.0,48.0,2
12954,other,540.0,1.0,22.5,1
12956,other,900.0,4.0,62.0,5
12960,other,970.0,2.0,45.0,2
12961,other,1799.0,6.0,101.0,6
12965,other,1084.0,2.0,51.0,2
12966,other,1500.0,3.0,85.0,3
12971,other,1360.0,2.0,73.0,3
12987,other,30400.0,4.0,1824.0,6
12989,other,1182.0,2.0,64.0,2
13000,other,1350.0,1.0,120.0,3
13002,other,1500.0,3.0,90.0,3
13012,other,1945.0,3.0,135.0,3
13029,other,2710.0,5.0,142.0,4
13031,other,1075.0,2.0,58.0,2
13047,other,1410.0,3.0,68.0,3
13053,other,1256.0,2.0,62.8,2
13062,other,1786.0,3.0,79.99,3
13071,other,1369.0,2.0,72.0,3
13074,other,1418.0,2.0,62.0,2
13084,other,1035.0,2.0,60.0,2
13087,other,1232.0,2.0,94.28,2
13091,other,980.0,2.0,41.0,2
13096,other,1307.0,2.0,59.0,2
13097,other,1215.0,2.0,49.86,3
13101,other,1025.0,2.0,43.04,2
13110,other,2700.0,3.0,230.0,4
13114,other,1125.0,2.0,46.0,2
13118,other,1200.0,2.0,45.0,2
13120,other,1830.0,3.0,95.0,3
13134,other,2872.0,4.0,183.0,4
13135,other,1486.0,2.0,65.0,3
13143,other,1100.0,2.0,64.08,2
13146,other,1800.0,5.0,65.0,7
13152,other,1464.0,3.0,56.0,3
13153,other,1975.0,3.0,90.0,3
13155,other,1600.0,2.0,90.0,2
13162,other,1010.0,2.0,41.0,2
13170,other,1800.0,5.0,140.0,6
13174,other,1012.0,2.0,62.0,2
13184,other,1090.0,2.0,55.0,2
13196,other,1330.0,2.0,56.0,2
13199,other,1650.0,1.0,130.0,2
13207,other,1480.0,2.0,75.0,3
13209,other,1500.0,2.0,78.0,3
13211,other,745.0,2.0,36.0,2
13221,other,1178.0,9.0,75.0,9
13223,other,1155.0,2.0,64.0,2
13228,other,1508.0,3.0,77.0,3
13238,other,1200.0,2.0,70.0,2
13264,other,1095.0,2.0,57.0,2
13278,other,1256.0,2.0,65.0,2
13285,other,1353.0,2.0,110.0,2
13292,other,1440.0,2.0,63.93,3
13302,other,1075.0,2.0,48.0,2
